,h,min,time
0,0,0,0 days 00:00:00.000000000
1,0,1,0 days 00:01:00.000000000
2,0,2,0 days 00:02:00.000000000
3,0,3,0 days 00:03:00.000000000
4,0,4,0 days 00:04:00.000000000
5,0,5,0 days 00:05:00.000000000
6,0,6,0 days 00:06:00.000000000
7,0,7,0 days 00:07:00.000000000
8,0,8,0 days 00:08:00.000000000
9,0,9,0 days 00:09:00.000000000
10,0,10,0 days 00:10:00.000000000
11,0,11,0 days 00:11:00.000000000
12,0,12,0 days 00:12:00.000000000
13,0,13,0 days 00:13:00.000000000
14,0,14,0 days 00:14:00.000000000
15,0,15,0 days 00:15:00.000000000
16,0,16,0 days 00:16:00.000000000
17,0,17,0 days 00:17:00.000000000
18,0,18,0 days 00:18:00.000000000
19,0,19,0 days 00:19:00.000000000
20,0,20,0 days 00:20:00.000000000
21,0,21,0 days 00:21:00.000000000
22,0,22,0 days 00:22:00.000000000
23,0,23,0 days 00:23:00.000000000
24,0,24,0 days 00:24:00.000000000
25,0,25,0 days 00:25:00.000000000
26,0,26,0 days 00:26:00.000000000
27,0,27,0 days 00:27:00.000000000
28,0,28,0 days 00:28:00.000000000
29,0,29,0 days 00:29:00.000000000
30,0,30,0 days 00:30:00.000000000
31,0,31,0 days 00:31:00.000000000
32,0,32,0 days 00:32:00.000000000
33,0,33,0 days 00:33:00.000000000
34,0,34,0 days 00:34:00.000000000
35,0,35,0 days 00:35:00.000000000
36,0,36,0 days 00:36:00.000000000
37,0,37,0 days 00:37:00.000000000
38,0,38,0 days 00:38:00.000000000
39,0,39,0 days 00:39:00.000000000
40,0,40,0 days 00:40:00.000000000
41,0,41,0 days 00:41:00.000000000
42,0,42,0 days 00:42:00.000000000
43,0,43,0 days 00:43:00.000000000
44,0,44,0 days 00:44:00.000000000
45,0,45,0 days 00:45:00.000000000
46,0,46,0 days 00:46:00.000000000
47,0,47,0 days 00:47:00.000000000
48,0,48,0 days 00:48:00.000000000
49,0,49,0 days 00:49:00.000000000
50,0,50,0 days 00:50:00.000000000
51,0,51,0 days 00:51:00.000000000
52,0,52,0 days 00:52:00.000000000
53,0,53,0 days 00:53:00.000000000
54,0,54,0 days 00:54:00.000000000
55,0,55,0 days 00:55:00.000000000
56,0,56,0 days 00:56:00.000000000
57,0,57,0 days 00:57:00.000000000
58,0,58,0 days 00:58:00.000000000
59,0,59,0 days 00:59:00.000000000
60,1,0,0 days 01:00:00.000000000
61,1,1,0 days 01:01:00.000000000
62,1,2,0 days 01:02:00.000000000
63,1,3,0 days 01:03:00.000000000
64,1,4,0 days 01:04:00.000000000
65,1,5,0 days 01:05:00.000000000
66,1,6,0 days 01:06:00.000000000
67,1,7,0 days 01:07:00.000000000
68,1,8,0 days 01:08:00.000000000
69,1,9,0 days 01:09:00.000000000
70,1,10,0 days 01:10:00.000000000
71,1,11,0 days 01:11:00.000000000
72,1,12,0 days 01:12:00.000000000
73,1,13,0 days 01:13:00.000000000
74,1,14,0 days 01:14:00.000000000
75,1,15,0 days 01:15:00.000000000
76,1,16,0 days 01:16:00.000000000
77,1,17,0 days 01:17:00.000000000
78,1,18,0 days 01:18:00.000000000
79,1,19,0 days 01:19:00.000000000
80,1,20,0 days 01:20:00.000000000
81,1,21,0 days 01:21:00.000000000
82,1,22,0 days 01:22:00.000000000
83,1,23,0 days 01:23:00.000000000
84,1,24,0 days 01:24:00.000000000
85,1,25,0 days 01:25:00.000000000
86,1,26,0 days 01:26:00.000000000
87,1,27,0 days 01:27:00.000000000
88,1,28,0 days 01:28:00.000000000
89,1,29,0 days 01:29:00.000000000
90,1,30,0 days 01:30:00.000000000
91,1,31,0 days 01:31:00.000000000
92,1,32,0 days 01:32:00.000000000
93,1,33,0 days 01:33:00.000000000
94,1,34,0 days 01:34:00.000000000
95,1,35,0 days 01:35:00.000000000
96,1,36,0 days 01:36:00.000000000
97,1,37,0 days 01:37:00.000000000
98,1,38,0 days 01:38:00.000000000
99,1,39,0 days 01:39:00.000000000
100,1,40,0 days 01:40:00.000000000
101,1,41,0 days 01:41:00.000000000
102,1,42,0 days 01:42:00.000000000
103,1,43,0 days 01:43:00.000000000
104,1,44,0 days 01:44:00.000000000
105,1,45,0 days 01:45:00.000000000
106,1,46,0 days 01:46:00.000000000
107,1,47,0 days 01:47:00.000000000
108,1,48,0 days 01:48:00.000000000
109,1,49,0 days 01:49:00.000000000
110,1,50,0 days 01:50:00.000000000
111,1,51,0 days 01:51:00.000000000
112,1,52,0 days 01:52:00.000000000
113,1,53,0 days 01:53:00.000000000
114,1,54,0 days 01:54:00.000000000
115,1,55,0 days 01:55:00.000000000
116,1,56,0 days 01:56:00.000000000
117,1,57,0 days 01:57:00.000000000
118,1,58,0 days 01:58:00.000000000
119,1,59,0 days 01:59:00.000000000
120,2,0,0 days 02:00:00.000000000
121,2,1,0 days 02:01:00.000000000
122,2,2,0 days 02:02:00.000000000
123,2,3,0 days 02:03:00.000000000
124,2,4,0 days 02:04:00.000000000
125,2,5,0 days 02:05:00.000000000
126,2,6,0 days 02:06:00.000000000
127,2,7,0 days 02:07:00.000000000
128,2,8,0 days 02:08:00.000000000
129,2,9,0 days 02:09:00.000000000
130,2,10,0 days 02:10:00.000000000
131,2,11,0 days 02:11:00.000000000
132,2,12,0 days 02:12:00.000000000
133,2,13,0 days 02:13:00.000000000
134,2,14,0 days 02:14:00.000000000
135,2,15,0 days 02:15:00.000000000
136,2,16,0 days 02:16:00.000000000
137,2,17,0 days 02:17:00.000000000
138,2,18,0 days 02:18:00.000000000
139,2,19,0 days 02:19:00.000000000
140,2,20,0 days 02:20:00.000000000
141,2,21,0 days 02:21:00.000000000
142,2,22,0 days 02:22:00.000000000
143,2,23,0 days 02:23:00.000000000
144,2,24,0 days 02:24:00.000000000
145,2,25,0 days 02:25:00.000000000
146,2,26,0 days 02:26:00.000000000
147,2,27,0 days 02:27:00.000000000
148,2,28,0 days 02:28:00.000000000
149,2,29,0 days 02:29:00.000000000
150,2,30,0 days 02:30:00.000000000
151,2,31,0 days 02:31:00.000000000
152,2,32,0 days 02:32:00.000000000
153,2,33,0 days 02:33:00.000000000
154,2,34,0 days 02:34:00.000000000
155,2,35,0 days 02:35:00.000000000
156,2,36,0 days 02:36:00.000000000
157,2,37,0 days 02:37:00.000000000
158,2,38,0 days 02:38:00.000000000
159,2,39,0 days 02:39:00.000000000
160,2,40,0 days 02:40:00.000000000
161,2,41,0 days 02:41:00.000000000
162,2,42,0 days 02:42:00.000000000
163,2,43,0 days 02:43:00.000000000
164,2,44,0 days 02:44:00.000000000
165,2,45,0 days 02:45:00.000000000
166,2,46,0 days 02:46:00.000000000
167,2,47,0 days 02:47:00.000000000
168,2,48,0 days 02:48:00.000000000
169,2,49,0 days 02:49:00.000000000
170,2,50,0 days 02:50:00.000000000
171,2,51,0 days 02:51:00.000000000
172,2,52,0 days 02:52:00.000000000
173,2,53,0 days 02:53:00.000000000
174,2,54,0 days 02:54:00.000000000
175,2,55,0 days 02:55:00.000000000
176,2,56,0 days 02:56:00.000000000
177,2,57,0 days 02:57:00.000000000
178,2,58,0 days 02:58:00.000000000
179,2,59,0 days 02:59:00.000000000
180,3,0,0 days 03:00:00.000000000
181,3,1,0 days 03:01:00.000000000
182,3,2,0 days 03:02:00.000000000
183,3,3,0 days 03:03:00.000000000
184,3,4,0 days 03:04:00.000000000
185,3,5,0 days 03:05:00.000000000
186,3,6,0 days 03:06:00.000000000
187,3,7,0 days 03:07:00.000000000
188,3,8,0 days 03:08:00.000000000
189,3,9,0 days 03:09:00.000000000
190,3,10,0 days 03:10:00.000000000
191,3,11,0 days 03:11:00.000000000
192,3,12,0 days 03:12:00.000000000
193,3,13,0 days 03:13:00.000000000
194,3,14,0 days 03:14:00.000000000
195,3,15,0 days 03:15:00.000000000
196,3,16,0 days 03:16:00.000000000
197,3,17,0 days 03:17:00.000000000
198,3,18,0 days 03:18:00.000000000
199,3,19,0 days 03:19:00.000000000
200,3,20,0 days 03:20:00.000000000
201,3,21,0 days 03:21:00.000000000
202,3,22,0 days 03:22:00.000000000
203,3,23,0 days 03:23:00.000000000
204,3,24,0 days 03:24:00.000000000
205,3,25,0 days 03:25:00.000000000
206,3,26,0 days 03:26:00.000000000
207,3,27,0 days 03:27:00.000000000
208,3,28,0 days 03:28:00.000000000
209,3,29,0 days 03:29:00.000000000
210,3,30,0 days 03:30:00.000000000
211,3,31,0 days 03:31:00.000000000
212,3,32,0 days 03:32:00.000000000
213,3,33,0 days 03:33:00.000000000
214,3,34,0 days 03:34:00.000000000
215,3,35,0 days 03:35:00.000000000
216,3,36,0 days 03:36:00.000000000
217,3,37,0 days 03:37:00.000000000
218,3,38,0 days 03:38:00.000000000
219,3,39,0 days 03:39:00.000000000
220,3,40,0 days 03:40:00.000000000
221,3,41,0 days 03:41:00.000000000
222,3,42,0 days 03:42:00.000000000
223,3,43,0 days 03:43:00.000000000
224,3,44,0 days 03:44:00.000000000
225,3,45,0 days 03:45:00.000000000
226,3,46,0 days 03:46:00.000000000
227,3,47,0 days 03:47:00.000000000
228,3,48,0 days 03:48:00.000000000
229,3,49,0 days 03:49:00.000000000
230,3,50,0 days 03:50:00.000000000
231,3,51,0 days 03:51:00.000000000
232,3,52,0 days 03:52:00.000000000
233,3,53,0 days 03:53:00.000000000
234,3,54,0 days 03:54:00.000000000
235,3,55,0 days 03:55:00.000000000
236,3,56,0 days 03:56:00.000000000
237,3,57,0 days 03:57:00.000000000
238,3,58,0 days 03:58:00.000000000
239,3,59,0 days 03:59:00.000000000
240,4,0,0 days 04:00:00.000000000
241,4,1,0 days 04:01:00.000000000
242,4,2,0 days 04:02:00.000000000
243,4,3,0 days 04:03:00.000000000
244,4,4,0 days 04:04:00.000000000
245,4,5,0 days 04:05:00.000000000
246,4,6,0 days 04:06:00.000000000
247,4,7,0 days 04:07:00.000000000
248,4,8,0 days 04:08:00.000000000
249,4,9,0 days 04:09:00.000000000
250,4,10,0 days 04:10:00.000000000
251,4,11,0 days 04:11:00.000000000
252,4,12,0 days 04:12:00.000000000
253,4,13,0 days 04:13:00.000000000
254,4,14,0 days 04:14:00.000000000
255,4,15,0 days 04:15:00.000000000
256,4,16,0 days 04:16:00.000000000
257,4,17,0 days 04:17:00.000000000
258,4,18,0 days 04:18:00.000000000
259,4,19,0 days 04:19:00.000000000
260,4,20,0 days 04:20:00.000000000
261,4,21,0 days 04:21:00.000000000
262,4,22,0 days 04:22:00.000000000
263,4,23,0 days 04:23:00.000000000
264,4,24,0 days 04:24:00.000000000
265,4,25,0 days 04:25:00.000000000
266,4,26,0 days 04:26:00.000000000
267,4,27,0 days 04:27:00.000000000
268,4,28,0 days 04:28:00.000000000
269,4,29,0 days 04:29:00.000000000
270,4,30,0 days 04:30:00.000000000
271,4,31,0 days 04:31:00.000000000
272,4,32,0 days 04:32:00.000000000
273,4,33,0 days 04:33:00.000000000
274,4,34,0 days 04:34:00.000000000
275,4,35,0 days 04:35:00.000000000
276,4,36,0 days 04:36:00.000000000
277,4,37,0 days 04:37:00.000000000
278,4,38,0 days 04:38:00.000000000
279,4,39,0 days 04:39:00.000000000
280,4,40,0 days 04:40:00.000000000
281,4,41,0 days 04:41:00.000000000
282,4,42,0 days 04:42:00.000000000
283,4,43,0 days 04:43:00.000000000
284,4,44,0 days 04:44:00.000000000
285,4,45,0 days 04:45:00.000000000
286,4,46,0 days 04:46:00.000000000
287,4,47,0 days 04:47:00.000000000
288,4,48,0 days 04:48:00.000000000
289,4,49,0 days 04:49:00.000000000
290,4,50,0 days 04:50:00.000000000
291,4,51,0 days 04:51:00.000000000
292,4,52,0 days 04:52:00.000000000
293,4,53,0 days 04:53:00.000000000
294,4,54,0 days 04:54:00.000000000
295,4,55,0 days 04:55:00.000000000
296,4,56,0 days 04:56:00.000000000
297,4,57,0 days 04:57:00.000000000
298,4,58,0 days 04:58:00.000000000
299,4,59,0 days 04:59:00.000000000
300,5,0,0 days 05:00:00.000000000
301,5,1,0 days 05:01:00.000000000
302,5,2,0 days 05:02:00.000000000
303,5,3,0 days 05:03:00.000000000
304,5,4,0 days 05:04:00.000000000
305,5,5,0 days 05:05:00.000000000
306,5,6,0 days 05:06:00.000000000
307,5,7,0 days 05:07:00.000000000
308,5,8,0 days 05:08:00.000000000
309,5,9,0 days 05:09:00.000000000
310,5,10,0 days 05:10:00.000000000
311,5,11,0 days 05:11:00.000000000
312,5,12,0 days 05:12:00.000000000
313,5,13,0 days 05:13:00.000000000
314,5,14,0 days 05:14:00.000000000
315,5,15,0 days 05:15:00.000000000
316,5,16,0 days 05:16:00.000000000
317,5,17,0 days 05:17:00.000000000
318,5,18,0 days 05:18:00.000000000
319,5,19,0 days 05:19:00.000000000
320,5,20,0 days 05:20:00.000000000
321,5,21,0 days 05:21:00.000000000
322,5,22,0 days 05:22:00.000000000
323,5,23,0 days 05:23:00.000000000
324,5,24,0 days 05:24:00.000000000
325,5,25,0 days 05:25:00.000000000
326,5,26,0 days 05:26:00.000000000
327,5,27,0 days 05:27:00.000000000
328,5,28,0 days 05:28:00.000000000
329,5,29,0 days 05:29:00.000000000
330,5,30,0 days 05:30:00.000000000
331,5,31,0 days 05:31:00.000000000
332,5,32,0 days 05:32:00.000000000
333,5,33,0 days 05:33:00.000000000
334,5,34,0 days 05:34:00.000000000
335,5,35,0 days 05:35:00.000000000
336,5,36,0 days 05:36:00.000000000
337,5,37,0 days 05:37:00.000000000
338,5,38,0 days 05:38:00.000000000
339,5,39,0 days 05:39:00.000000000
340,5,40,0 days 05:40:00.000000000
341,5,41,0 days 05:41:00.000000000
342,5,42,0 days 05:42:00.000000000
343,5,43,0 days 05:43:00.000000000
344,5,44,0 days 05:44:00.000000000
345,5,45,0 days 05:45:00.000000000
346,5,46,0 days 05:46:00.000000000
347,5,47,0 days 05:47:00.000000000
348,5,48,0 days 05:48:00.000000000
349,5,49,0 days 05:49:00.000000000
350,5,50,0 days 05:50:00.000000000
351,5,51,0 days 05:51:00.000000000
352,5,52,0 days 05:52:00.000000000
353,5,53,0 days 05:53:00.000000000
354,5,54,0 days 05:54:00.000000000
355,5,55,0 days 05:55:00.000000000
356,5,56,0 days 05:56:00.000000000
357,5,57,0 days 05:57:00.000000000
358,5,58,0 days 05:58:00.000000000
359,5,59,0 days 05:59:00.000000000
360,6,0,0 days 06:00:00.000000000
361,6,1,0 days 06:01:00.000000000
362,6,2,0 days 06:02:00.000000000
363,6,3,0 days 06:03:00.000000000
364,6,4,0 days 06:04:00.000000000
365,6,5,0 days 06:05:00.000000000
366,6,6,0 days 06:06:00.000000000
367,6,7,0 days 06:07:00.000000000
368,6,8,0 days 06:08:00.000000000
369,6,9,0 days 06:09:00.000000000
370,6,10,0 days 06:10:00.000000000
371,6,11,0 days 06:11:00.000000000
372,6,12,0 days 06:12:00.000000000
373,6,13,0 days 06:13:00.000000000
374,6,14,0 days 06:14:00.000000000
375,6,15,0 days 06:15:00.000000000
376,6,16,0 days 06:16:00.000000000
377,6,17,0 days 06:17:00.000000000
378,6,18,0 days 06:18:00.000000000
379,6,19,0 days 06:19:00.000000000
380,6,20,0 days 06:20:00.000000000
381,6,21,0 days 06:21:00.000000000
382,6,22,0 days 06:22:00.000000000
383,6,23,0 days 06:23:00.000000000
384,6,24,0 days 06:24:00.000000000
385,6,25,0 days 06:25:00.000000000
386,6,26,0 days 06:26:00.000000000
387,6,27,0 days 06:27:00.000000000
388,6,28,0 days 06:28:00.000000000
389,6,29,0 days 06:29:00.000000000
390,6,30,0 days 06:30:00.000000000
391,6,31,0 days 06:31:00.000000000
392,6,32,0 days 06:32:00.000000000
393,6,33,0 days 06:33:00.000000000
394,6,34,0 days 06:34:00.000000000
395,6,35,0 days 06:35:00.000000000
396,6,36,0 days 06:36:00.000000000
397,6,37,0 days 06:37:00.000000000
398,6,38,0 days 06:38:00.000000000
399,6,39,0 days 06:39:00.000000000
400,6,40,0 days 06:40:00.000000000
401,6,41,0 days 06:41:00.000000000
402,6,42,0 days 06:42:00.000000000
403,6,43,0 days 06:43:00.000000000
404,6,44,0 days 06:44:00.000000000
405,6,45,0 days 06:45:00.000000000
406,6,46,0 days 06:46:00.000000000
407,6,47,0 days 06:47:00.000000000
408,6,48,0 days 06:48:00.000000000
409,6,49,0 days 06:49:00.000000000
410,6,50,0 days 06:50:00.000000000
411,6,51,0 days 06:51:00.000000000
412,6,52,0 days 06:52:00.000000000
413,6,53,0 days 06:53:00.000000000
414,6,54,0 days 06:54:00.000000000
415,6,55,0 days 06:55:00.000000000
416,6,56,0 days 06:56:00.000000000
417,6,57,0 days 06:57:00.000000000
418,6,58,0 days 06:58:00.000000000
419,6,59,0 days 06:59:00.000000000
420,7,0,0 days 07:00:00.000000000
421,7,1,0 days 07:01:00.000000000
422,7,2,0 days 07:02:00.000000000
423,7,3,0 days 07:03:00.000000000
424,7,4,0 days 07:04:00.000000000
425,7,5,0 days 07:05:00.000000000
426,7,6,0 days 07:06:00.000000000
427,7,7,0 days 07:07:00.000000000
428,7,8,0 days 07:08:00.000000000
429,7,9,0 days 07:09:00.000000000
430,7,10,0 days 07:10:00.000000000
431,7,11,0 days 07:11:00.000000000
432,7,12,0 days 07:12:00.000000000
433,7,13,0 days 07:13:00.000000000
434,7,14,0 days 07:14:00.000000000
435,7,15,0 days 07:15:00.000000000
436,7,16,0 days 07:16:00.000000000
437,7,17,0 days 07:17:00.000000000
438,7,18,0 days 07:18:00.000000000
439,7,19,0 days 07:19:00.000000000
440,7,20,0 days 07:20:00.000000000
441,7,21,0 days 07:21:00.000000000
442,7,22,0 days 07:22:00.000000000
443,7,23,0 days 07:23:00.000000000
444,7,24,0 days 07:24:00.000000000
445,7,25,0 days 07:25:00.000000000
446,7,26,0 days 07:26:00.000000000
447,7,27,0 days 07:27:00.000000000
448,7,28,0 days 07:28:00.000000000
449,7,29,0 days 07:29:00.000000000
450,7,30,0 days 07:30:00.000000000
451,7,31,0 days 07:31:00.000000000
452,7,32,0 days 07:32:00.000000000
453,7,33,0 days 07:33:00.000000000
454,7,34,0 days 07:34:00.000000000
455,7,35,0 days 07:35:00.000000000
456,7,36,0 days 07:36:00.000000000
457,7,37,0 days 07:37:00.000000000
458,7,38,0 days 07:38:00.000000000
459,7,39,0 days 07:39:00.000000000
460,7,40,0 days 07:40:00.000000000
461,7,41,0 days 07:41:00.000000000
462,7,42,0 days 07:42:00.000000000
463,7,43,0 days 07:43:00.000000000
464,7,44,0 days 07:44:00.000000000
465,7,45,0 days 07:45:00.000000000
466,7,46,0 days 07:46:00.000000000
467,7,47,0 days 07:47:00.000000000
468,7,48,0 days 07:48:00.000000000
469,7,49,0 days 07:49:00.000000000
470,7,50,0 days 07:50:00.000000000
471,7,51,0 days 07:51:00.000000000
472,7,52,0 days 07:52:00.000000000
473,7,53,0 days 07:53:00.000000000
474,7,54,0 days 07:54:00.000000000
475,7,55,0 days 07:55:00.000000000
476,7,56,0 days 07:56:00.000000000
477,7,57,0 days 07:57:00.000000000
478,7,58,0 days 07:58:00.000000000
479,7,59,0 days 07:59:00.000000000
480,8,0,0 days 08:00:00.000000000
481,8,1,0 days 08:01:00.000000000
482,8,2,0 days 08:02:00.000000000
483,8,3,0 days 08:03:00.000000000
484,8,4,0 days 08:04:00.000000000
485,8,5,0 days 08:05:00.000000000
486,8,6,0 days 08:06:00.000000000
487,8,7,0 days 08:07:00.000000000
488,8,8,0 days 08:08:00.000000000
489,8,9,0 days 08:09:00.000000000
490,8,10,0 days 08:10:00.000000000
491,8,11,0 days 08:11:00.000000000
492,8,12,0 days 08:12:00.000000000
493,8,13,0 days 08:13:00.000000000
494,8,14,0 days 08:14:00.000000000
495,8,15,0 days 08:15:00.000000000
496,8,16,0 days 08:16:00.000000000
497,8,17,0 days 08:17:00.000000000
498,8,18,0 days 08:18:00.000000000
499,8,19,0 days 08:19:00.000000000
500,8,20,0 days 08:20:00.000000000
501,8,21,0 days 08:21:00.000000000
502,8,22,0 days 08:22:00.000000000
503,8,23,0 days 08:23:00.000000000
504,8,24,0 days 08:24:00.000000000
505,8,25,0 days 08:25:00.000000000
506,8,26,0 days 08:26:00.000000000
507,8,27,0 days 08:27:00.000000000
508,8,28,0 days 08:28:00.000000000
509,8,29,0 days 08:29:00.000000000
510,8,30,0 days 08:30:00.000000000
511,8,31,0 days 08:31:00.000000000
512,8,32,0 days 08:32:00.000000000
513,8,33,0 days 08:33:00.000000000
514,8,34,0 days 08:34:00.000000000
515,8,35,0 days 08:35:00.000000000
516,8,36,0 days 08:36:00.000000000
517,8,37,0 days 08:37:00.000000000
518,8,38,0 days 08:38:00.000000000
519,8,39,0 days 08:39:00.000000000
520,8,40,0 days 08:40:00.000000000
521,8,41,0 days 08:41:00.000000000
522,8,42,0 days 08:42:00.000000000
523,8,43,0 days 08:43:00.000000000
524,8,44,0 days 08:44:00.000000000
525,8,45,0 days 08:45:00.000000000
526,8,46,0 days 08:46:00.000000000
527,8,47,0 days 08:47:00.000000000
528,8,48,0 days 08:48:00.000000000
529,8,49,0 days 08:49:00.000000000
530,8,50,0 days 08:50:00.000000000
531,8,51,0 days 08:51:00.000000000
532,8,52,0 days 08:52:00.000000000
533,8,53,0 days 08:53:00.000000000
534,8,54,0 days 08:54:00.000000000
535,8,55,0 days 08:55:00.000000000
536,8,56,0 days 08:56:00.000000000
537,8,57,0 days 08:57:00.000000000
538,8,58,0 days 08:58:00.000000000
539,8,59,0 days 08:59:00.000000000
540,9,0,0 days 09:00:00.000000000
541,9,1,0 days 09:01:00.000000000
542,9,2,0 days 09:02:00.000000000
543,9,3,0 days 09:03:00.000000000
544,9,4,0 days 09:04:00.000000000
545,9,5,0 days 09:05:00.000000000
546,9,6,0 days 09:06:00.000000000
547,9,7,0 days 09:07:00.000000000
548,9,8,0 days 09:08:00.000000000
549,9,9,0 days 09:09:00.000000000
550,9,10,0 days 09:10:00.000000000
551,9,11,0 days 09:11:00.000000000
552,9,12,0 days 09:12:00.000000000
553,9,13,0 days 09:13:00.000000000
554,9,14,0 days 09:14:00.000000000
555,9,15,0 days 09:15:00.000000000
556,9,16,0 days 09:16:00.000000000
557,9,17,0 days 09:17:00.000000000
558,9,18,0 days 09:18:00.000000000
559,9,19,0 days 09:19:00.000000000
560,9,20,0 days 09:20:00.000000000
561,9,21,0 days 09:21:00.000000000
562,9,22,0 days 09:22:00.000000000
563,9,23,0 days 09:23:00.000000000
564,9,24,0 days 09:24:00.000000000
565,9,25,0 days 09:25:00.000000000
566,9,26,0 days 09:26:00.000000000
567,9,27,0 days 09:27:00.000000000
568,9,28,0 days 09:28:00.000000000
569,9,29,0 days 09:29:00.000000000
570,9,30,0 days 09:30:00.000000000
571,9,31,0 days 09:31:00.000000000
572,9,32,0 days 09:32:00.000000000
573,9,33,0 days 09:33:00.000000000
574,9,34,0 days 09:34:00.000000000
575,9,35,0 days 09:35:00.000000000
576,9,36,0 days 09:36:00.000000000
577,9,37,0 days 09:37:00.000000000
578,9,38,0 days 09:38:00.000000000
579,9,39,0 days 09:39:00.000000000
580,9,40,0 days 09:40:00.000000000
581,9,41,0 days 09:41:00.000000000
582,9,42,0 days 09:42:00.000000000
583,9,43,0 days 09:43:00.000000000
584,9,44,0 days 09:44:00.000000000
585,9,45,0 days 09:45:00.000000000
586,9,46,0 days 09:46:00.000000000
587,9,47,0 days 09:47:00.000000000
588,9,48,0 days 09:48:00.000000000
589,9,49,0 days 09:49:00.000000000
590,9,50,0 days 09:50:00.000000000
591,9,51,0 days 09:51:00.000000000
592,9,52,0 days 09:52:00.000000000
593,9,53,0 days 09:53:00.000000000
594,9,54,0 days 09:54:00.000000000
595,9,55,0 days 09:55:00.000000000
596,9,56,0 days 09:56:00.000000000
597,9,57,0 days 09:57:00.000000000
598,9,58,0 days 09:58:00.000000000
599,9,59,0 days 09:59:00.000000000
600,10,0,0 days 10:00:00.000000000
601,10,1,0 days 10:01:00.000000000
602,10,2,0 days 10:02:00.000000000
603,10,3,0 days 10:03:00.000000000
604,10,4,0 days 10:04:00.000000000
605,10,5,0 days 10:05:00.000000000
606,10,6,0 days 10:06:00.000000000
607,10,7,0 days 10:07:00.000000000
608,10,8,0 days 10:08:00.000000000
609,10,9,0 days 10:09:00.000000000
610,10,10,0 days 10:10:00.000000000
611,10,11,0 days 10:11:00.000000000
612,10,12,0 days 10:12:00.000000000
613,10,13,0 days 10:13:00.000000000
614,10,14,0 days 10:14:00.000000000
615,10,15,0 days 10:15:00.000000000
616,10,16,0 days 10:16:00.000000000
617,10,17,0 days 10:17:00.000000000
618,10,18,0 days 10:18:00.000000000
619,10,19,0 days 10:19:00.000000000
620,10,20,0 days 10:20:00.000000000
621,10,21,0 days 10:21:00.000000000
622,10,22,0 days 10:22:00.000000000
623,10,23,0 days 10:23:00.000000000
624,10,24,0 days 10:24:00.000000000
625,10,25,0 days 10:25:00.000000000
626,10,26,0 days 10:26:00.000000000
627,10,27,0 days 10:27:00.000000000
628,10,28,0 days 10:28:00.000000000
629,10,29,0 days 10:29:00.000000000
630,10,30,0 days 10:30:00.000000000
631,10,31,0 days 10:31:00.000000000
632,10,32,0 days 10:32:00.000000000
633,10,33,0 days 10:33:00.000000000
634,10,34,0 days 10:34:00.000000000
635,10,35,0 days 10:35:00.000000000
636,10,36,0 days 10:36:00.000000000
637,10,37,0 days 10:37:00.000000000
638,10,38,0 days 10:38:00.000000000
639,10,39,0 days 10:39:00.000000000
640,10,40,0 days 10:40:00.000000000
641,10,41,0 days 10:41:00.000000000
642,10,42,0 days 10:42:00.000000000
643,10,43,0 days 10:43:00.000000000
644,10,44,0 days 10:44:00.000000000
645,10,45,0 days 10:45:00.000000000
646,10,46,0 days 10:46:00.000000000
647,10,47,0 days 10:47:00.000000000
648,10,48,0 days 10:48:00.000000000
649,10,49,0 days 10:49:00.000000000
650,10,50,0 days 10:50:00.000000000
651,10,51,0 days 10:51:00.000000000
652,10,52,0 days 10:52:00.000000000
653,10,53,0 days 10:53:00.000000000
654,10,54,0 days 10:54:00.000000000
655,10,55,0 days 10:55:00.000000000
656,10,56,0 days 10:56:00.000000000
657,10,57,0 days 10:57:00.000000000
658,10,58,0 days 10:58:00.000000000
659,10,59,0 days 10:59:00.000000000
660,11,0,0 days 11:00:00.000000000
661,11,1,0 days 11:01:00.000000000
662,11,2,0 days 11:02:00.000000000
663,11,3,0 days 11:03:00.000000000
664,11,4,0 days 11:04:00.000000000
665,11,5,0 days 11:05:00.000000000
666,11,6,0 days 11:06:00.000000000
667,11,7,0 days 11:07:00.000000000
668,11,8,0 days 11:08:00.000000000
669,11,9,0 days 11:09:00.000000000
670,11,10,0 days 11:10:00.000000000
671,11,11,0 days 11:11:00.000000000
672,11,12,0 days 11:12:00.000000000
673,11,13,0 days 11:13:00.000000000
674,11,14,0 days 11:14:00.000000000
675,11,15,0 days 11:15:00.000000000
676,11,16,0 days 11:16:00.000000000
677,11,17,0 days 11:17:00.000000000
678,11,18,0 days 11:18:00.000000000
679,11,19,0 days 11:19:00.000000000
680,11,20,0 days 11:20:00.000000000
681,11,21,0 days 11:21:00.000000000
682,11,22,0 days 11:22:00.000000000
683,11,23,0 days 11:23:00.000000000
684,11,24,0 days 11:24:00.000000000
685,11,25,0 days 11:25:00.000000000
686,11,26,0 days 11:26:00.000000000
687,11,27,0 days 11:27:00.000000000
688,11,28,0 days 11:28:00.000000000
689,11,29,0 days 11:29:00.000000000
690,11,30,0 days 11:30:00.000000000
691,11,31,0 days 11:31:00.000000000
692,11,32,0 days 11:32:00.000000000
693,11,33,0 days 11:33:00.000000000
694,11,34,0 days 11:34:00.000000000
695,11,35,0 days 11:35:00.000000000
696,11,36,0 days 11:36:00.000000000
697,11,37,0 days 11:37:00.000000000
698,11,38,0 days 11:38:00.000000000
699,11,39,0 days 11:39:00.000000000
700,11,40,0 days 11:40:00.000000000
701,11,41,0 days 11:41:00.000000000
702,11,42,0 days 11:42:00.000000000
703,11,43,0 days 11:43:00.000000000
704,11,44,0 days 11:44:00.000000000
705,11,45,0 days 11:45:00.000000000
706,11,46,0 days 11:46:00.000000000
707,11,47,0 days 11:47:00.000000000
708,11,48,0 days 11:48:00.000000000
709,11,49,0 days 11:49:00.000000000
710,11,50,0 days 11:50:00.000000000
711,11,51,0 days 11:51:00.000000000
712,11,52,0 days 11:52:00.000000000
713,11,53,0 days 11:53:00.000000000
714,11,54,0 days 11:54:00.000000000
715,11,55,0 days 11:55:00.000000000
716,11,56,0 days 11:56:00.000000000
717,11,57,0 days 11:57:00.000000000
718,11,58,0 days 11:58:00.000000000
719,11,59,0 days 11:59:00.000000000
720,12,0,0 days 12:00:00.000000000
721,12,1,0 days 12:01:00.000000000
722,12,2,0 days 12:02:00.000000000
723,12,3,0 days 12:03:00.000000000
724,12,4,0 days 12:04:00.000000000
725,12,5,0 days 12:05:00.000000000
726,12,6,0 days 12:06:00.000000000
727,12,7,0 days 12:07:00.000000000
728,12,8,0 days 12:08:00.000000000
729,12,9,0 days 12:09:00.000000000
730,12,10,0 days 12:10:00.000000000
731,12,11,0 days 12:11:00.000000000
732,12,12,0 days 12:12:00.000000000
733,12,13,0 days 12:13:00.000000000
734,12,14,0 days 12:14:00.000000000
735,12,15,0 days 12:15:00.000000000
736,12,16,0 days 12:16:00.000000000
737,12,17,0 days 12:17:00.000000000
738,12,18,0 days 12:18:00.000000000
739,12,19,0 days 12:19:00.000000000
740,12,20,0 days 12:20:00.000000000
741,12,21,0 days 12:21:00.000000000
742,12,22,0 days 12:22:00.000000000
743,12,23,0 days 12:23:00.000000000
744,12,24,0 days 12:24:00.000000000
745,12,25,0 days 12:25:00.000000000
746,12,26,0 days 12:26:00.000000000
747,12,27,0 days 12:27:00.000000000
748,12,28,0 days 12:28:00.000000000
749,12,29,0 days 12:29:00.000000000
750,12,30,0 days 12:30:00.000000000
751,12,31,0 days 12:31:00.000000000
752,12,32,0 days 12:32:00.000000000
753,12,33,0 days 12:33:00.000000000
754,12,34,0 days 12:34:00.000000000
755,12,35,0 days 12:35:00.000000000
756,12,36,0 days 12:36:00.000000000
757,12,37,0 days 12:37:00.000000000
758,12,38,0 days 12:38:00.000000000
759,12,39,0 days 12:39:00.000000000
760,12,40,0 days 12:40:00.000000000
761,12,41,0 days 12:41:00.000000000
762,12,42,0 days 12:42:00.000000000
763,12,43,0 days 12:43:00.000000000
764,12,44,0 days 12:44:00.000000000
765,12,45,0 days 12:45:00.000000000
766,12,46,0 days 12:46:00.000000000
767,12,47,0 days 12:47:00.000000000
768,12,48,0 days 12:48:00.000000000
769,12,49,0 days 12:49:00.000000000
770,12,50,0 days 12:50:00.000000000
771,12,51,0 days 12:51:00.000000000
772,12,52,0 days 12:52:00.000000000
773,12,53,0 days 12:53:00.000000000
774,12,54,0 days 12:54:00.000000000
775,12,55,0 days 12:55:00.000000000
776,12,56,0 days 12:56:00.000000000
777,12,57,0 days 12:57:00.000000000
778,12,58,0 days 12:58:00.000000000
779,12,59,0 days 12:59:00.000000000
780,13,0,0 days 13:00:00.000000000
781,13,1,0 days 13:01:00.000000000
782,13,2,0 days 13:02:00.000000000
783,13,3,0 days 13:03:00.000000000
784,13,4,0 days 13:04:00.000000000
785,13,5,0 days 13:05:00.000000000
786,13,6,0 days 13:06:00.000000000
787,13,7,0 days 13:07:00.000000000
788,13,8,0 days 13:08:00.000000000
789,13,9,0 days 13:09:00.000000000
790,13,10,0 days 13:10:00.000000000
791,13,11,0 days 13:11:00.000000000
792,13,12,0 days 13:12:00.000000000
793,13,13,0 days 13:13:00.000000000
794,13,14,0 days 13:14:00.000000000
795,13,15,0 days 13:15:00.000000000
796,13,16,0 days 13:16:00.000000000
797,13,17,0 days 13:17:00.000000000
798,13,18,0 days 13:18:00.000000000
799,13,19,0 days 13:19:00.000000000
800,13,20,0 days 13:20:00.000000000
801,13,21,0 days 13:21:00.000000000
802,13,22,0 days 13:22:00.000000000
803,13,23,0 days 13:23:00.000000000
804,13,24,0 days 13:24:00.000000000
805,13,25,0 days 13:25:00.000000000
806,13,26,0 days 13:26:00.000000000
807,13,27,0 days 13:27:00.000000000
808,13,28,0 days 13:28:00.000000000
809,13,29,0 days 13:29:00.000000000
810,13,30,0 days 13:30:00.000000000
811,13,31,0 days 13:31:00.000000000
812,13,32,0 days 13:32:00.000000000
813,13,33,0 days 13:33:00.000000000
814,13,34,0 days 13:34:00.000000000
815,13,35,0 days 13:35:00.000000000
816,13,36,0 days 13:36:00.000000000
817,13,37,0 days 13:37:00.000000000
818,13,38,0 days 13:38:00.000000000
819,13,39,0 days 13:39:00.000000000
820,13,40,0 days 13:40:00.000000000
821,13,41,0 days 13:41:00.000000000
822,13,42,0 days 13:42:00.000000000
823,13,43,0 days 13:43:00.000000000
824,13,44,0 days 13:44:00.000000000
825,13,45,0 days 13:45:00.000000000
826,13,46,0 days 13:46:00.000000000
827,13,47,0 days 13:47:00.000000000
828,13,48,0 days 13:48:00.000000000
829,13,49,0 days 13:49:00.000000000
830,13,50,0 days 13:50:00.000000000
831,13,51,0 days 13:51:00.000000000
832,13,52,0 days 13:52:00.000000000
833,13,53,0 days 13:53:00.000000000
834,13,54,0 days 13:54:00.000000000
835,13,55,0 days 13:55:00.000000000
836,13,56,0 days 13:56:00.000000000
837,13,57,0 days 13:57:00.000000000
838,13,58,0 days 13:58:00.000000000
839,13,59,0 days 13:59:00.000000000
840,14,0,0 days 14:00:00.000000000
841,14,1,0 days 14:01:00.000000000
842,14,2,0 days 14:02:00.000000000
843,14,3,0 days 14:03:00.000000000
844,14,4,0 days 14:04:00.000000000
845,14,5,0 days 14:05:00.000000000
846,14,6,0 days 14:06:00.000000000
847,14,7,0 days 14:07:00.000000000
848,14,8,0 days 14:08:00.000000000
849,14,9,0 days 14:09:00.000000000
850,14,10,0 days 14:10:00.000000000
851,14,11,0 days 14:11:00.000000000
852,14,12,0 days 14:12:00.000000000
853,14,13,0 days 14:13:00.000000000
854,14,14,0 days 14:14:00.000000000
855,14,15,0 days 14:15:00.000000000
856,14,16,0 days 14:16:00.000000000
857,14,17,0 days 14:17:00.000000000
858,14,18,0 days 14:18:00.000000000
859,14,19,0 days 14:19:00.000000000
860,14,20,0 days 14:20:00.000000000
861,14,21,0 days 14:21:00.000000000
862,14,22,0 days 14:22:00.000000000
863,14,23,0 days 14:23:00.000000000
864,14,24,0 days 14:24:00.000000000
865,14,25,0 days 14:25:00.000000000
866,14,26,0 days 14:26:00.000000000
867,14,27,0 days 14:27:00.000000000
868,14,28,0 days 14:28:00.000000000
869,14,29,0 days 14:29:00.000000000
870,14,30,0 days 14:30:00.000000000
871,14,31,0 days 14:31:00.000000000
872,14,32,0 days 14:32:00.000000000
873,14,33,0 days 14:33:00.000000000
874,14,34,0 days 14:34:00.000000000
875,14,35,0 days 14:35:00.000000000
876,14,36,0 days 14:36:00.000000000
877,14,37,0 days 14:37:00.000000000
878,14,38,0 days 14:38:00.000000000
879,14,39,0 days 14:39:00.000000000
880,14,40,0 days 14:40:00.000000000
881,14,41,0 days 14:41:00.000000000
882,14,42,0 days 14:42:00.000000000
883,14,43,0 days 14:43:00.000000000
884,14,44,0 days 14:44:00.000000000
885,14,45,0 days 14:45:00.000000000
886,14,46,0 days 14:46:00.000000000
887,14,47,0 days 14:47:00.000000000
888,14,48,0 days 14:48:00.000000000
889,14,49,0 days 14:49:00.000000000
890,14,50,0 days 14:50:00.000000000
891,14,51,0 days 14:51:00.000000000
892,14,52,0 days 14:52:00.000000000
893,14,53,0 days 14:53:00.000000000
894,14,54,0 days 14:54:00.000000000
895,14,55,0 days 14:55:00.000000000
896,14,56,0 days 14:56:00.000000000
897,14,57,0 days 14:57:00.000000000
898,14,58,0 days 14:58:00.000000000
899,14,59,0 days 14:59:00.000000000
900,15,0,0 days 15:00:00.000000000
901,15,1,0 days 15:01:00.000000000
902,15,2,0 days 15:02:00.000000000
903,15,3,0 days 15:03:00.000000000
904,15,4,0 days 15:04:00.000000000
905,15,5,0 days 15:05:00.000000000
906,15,6,0 days 15:06:00.000000000
907,15,7,0 days 15:07:00.000000000
908,15,8,0 days 15:08:00.000000000
909,15,9,0 days 15:09:00.000000000
910,15,10,0 days 15:10:00.000000000
911,15,11,0 days 15:11:00.000000000
912,15,12,0 days 15:12:00.000000000
913,15,13,0 days 15:13:00.000000000
914,15,14,0 days 15:14:00.000000000
915,15,15,0 days 15:15:00.000000000
916,15,16,0 days 15:16:00.000000000
917,15,17,0 days 15:17:00.000000000
918,15,18,0 days 15:18:00.000000000
919,15,19,0 days 15:19:00.000000000
920,15,20,0 days 15:20:00.000000000
921,15,21,0 days 15:21:00.000000000
922,15,22,0 days 15:22:00.000000000
923,15,23,0 days 15:23:00.000000000
924,15,24,0 days 15:24:00.000000000
925,15,25,0 days 15:25:00.000000000
926,15,26,0 days 15:26:00.000000000
927,15,27,0 days 15:27:00.000000000
928,15,28,0 days 15:28:00.000000000
929,15,29,0 days 15:29:00.000000000
930,15,30,0 days 15:30:00.000000000
931,15,31,0 days 15:31:00.000000000
932,15,32,0 days 15:32:00.000000000
933,15,33,0 days 15:33:00.000000000
934,15,34,0 days 15:34:00.000000000
935,15,35,0 days 15:35:00.000000000
936,15,36,0 days 15:36:00.000000000
937,15,37,0 days 15:37:00.000000000
938,15,38,0 days 15:38:00.000000000
939,15,39,0 days 15:39:00.000000000
940,15,40,0 days 15:40:00.000000000
941,15,41,0 days 15:41:00.000000000
942,15,42,0 days 15:42:00.000000000
943,15,43,0 days 15:43:00.000000000
944,15,44,0 days 15:44:00.000000000
945,15,45,0 days 15:45:00.000000000
946,15,46,0 days 15:46:00.000000000
947,15,47,0 days 15:47:00.000000000
948,15,48,0 days 15:48:00.000000000
949,15,49,0 days 15:49:00.000000000
950,15,50,0 days 15:50:00.000000000
951,15,51,0 days 15:51:00.000000000
952,15,52,0 days 15:52:00.000000000
953,15,53,0 days 15:53:00.000000000
954,15,54,0 days 15:54:00.000000000
955,15,55,0 days 15:55:00.000000000
956,15,56,0 days 15:56:00.000000000
957,15,57,0 days 15:57:00.000000000
958,15,58,0 days 15:58:00.000000000
959,15,59,0 days 15:59:00.000000000
960,16,0,0 days 16:00:00.000000000
961,16,1,0 days 16:01:00.000000000
962,16,2,0 days 16:02:00.000000000
963,16,3,0 days 16:03:00.000000000
964,16,4,0 days 16:04:00.000000000
965,16,5,0 days 16:05:00.000000000
966,16,6,0 days 16:06:00.000000000
967,16,7,0 days 16:07:00.000000000
968,16,8,0 days 16:08:00.000000000
969,16,9,0 days 16:09:00.000000000
970,16,10,0 days 16:10:00.000000000
971,16,11,0 days 16:11:00.000000000
972,16,12,0 days 16:12:00.000000000
973,16,13,0 days 16:13:00.000000000
974,16,14,0 days 16:14:00.000000000
975,16,15,0 days 16:15:00.000000000
976,16,16,0 days 16:16:00.000000000
977,16,17,0 days 16:17:00.000000000
978,16,18,0 days 16:18:00.000000000
979,16,19,0 days 16:19:00.000000000
980,16,20,0 days 16:20:00.000000000
981,16,21,0 days 16:21:00.000000000
982,16,22,0 days 16:22:00.000000000
983,16,23,0 days 16:23:00.000000000
984,16,24,0 days 16:24:00.000000000
985,16,25,0 days 16:25:00.000000000
986,16,26,0 days 16:26:00.000000000
987,16,27,0 days 16:27:00.000000000
988,16,28,0 days 16:28:00.000000000
989,16,29,0 days 16:29:00.000000000
990,16,30,0 days 16:30:00.000000000
991,16,31,0 days 16:31:00.000000000
992,16,32,0 days 16:32:00.000000000
993,16,33,0 days 16:33:00.000000000
994,16,34,0 days 16:34:00.000000000
995,16,35,0 days 16:35:00.000000000
996,16,36,0 days 16:36:00.000000000
997,16,37,0 days 16:37:00.000000000
998,16,38,0 days 16:38:00.000000000
999,16,39,0 days 16:39:00.000000000
1000,16,40,0 days 16:40:00.000000000
1001,16,41,0 days 16:41:00.000000000
1002,16,42,0 days 16:42:00.000000000
1003,16,43,0 days 16:43:00.000000000
1004,16,44,0 days 16:44:00.000000000
1005,16,45,0 days 16:45:00.000000000
1006,16,46,0 days 16:46:00.000000000
1007,16,47,0 days 16:47:00.000000000
1008,16,48,0 days 16:48:00.000000000
1009,16,49,0 days 16:49:00.000000000
1010,16,50,0 days 16:50:00.000000000
1011,16,51,0 days 16:51:00.000000000
1012,16,52,0 days 16:52:00.000000000
1013,16,53,0 days 16:53:00.000000000
1014,16,54,0 days 16:54:00.000000000
1015,16,55,0 days 16:55:00.000000000
1016,16,56,0 days 16:56:00.000000000
1017,16,57,0 days 16:57:00.000000000
1018,16,58,0 days 16:58:00.000000000
1019,16,59,0 days 16:59:00.000000000
1020,17,0,0 days 17:00:00.000000000
1021,17,1,0 days 17:01:00.000000000
1022,17,2,0 days 17:02:00.000000000
1023,17,3,0 days 17:03:00.000000000
1024,17,4,0 days 17:04:00.000000000
1025,17,5,0 days 17:05:00.000000000
1026,17,6,0 days 17:06:00.000000000
1027,17,7,0 days 17:07:00.000000000
1028,17,8,0 days 17:08:00.000000000
1029,17,9,0 days 17:09:00.000000000
1030,17,10,0 days 17:10:00.000000000
1031,17,11,0 days 17:11:00.000000000
1032,17,12,0 days 17:12:00.000000000
1033,17,13,0 days 17:13:00.000000000
1034,17,14,0 days 17:14:00.000000000
1035,17,15,0 days 17:15:00.000000000
1036,17,16,0 days 17:16:00.000000000
1037,17,17,0 days 17:17:00.000000000
1038,17,18,0 days 17:18:00.000000000
1039,17,19,0 days 17:19:00.000000000
1040,17,20,0 days 17:20:00.000000000
1041,17,21,0 days 17:21:00.000000000
1042,17,22,0 days 17:22:00.000000000
1043,17,23,0 days 17:23:00.000000000
1044,17,24,0 days 17:24:00.000000000
1045,17,25,0 days 17:25:00.000000000
1046,17,26,0 days 17:26:00.000000000
1047,17,27,0 days 17:27:00.000000000
1048,17,28,0 days 17:28:00.000000000
1049,17,29,0 days 17:29:00.000000000
1050,17,30,0 days 17:30:00.000000000
1051,17,31,0 days 17:31:00.000000000
1052,17,32,0 days 17:32:00.000000000
1053,17,33,0 days 17:33:00.000000000
1054,17,34,0 days 17:34:00.000000000
1055,17,35,0 days 17:35:00.000000000
1056,17,36,0 days 17:36:00.000000000
1057,17,37,0 days 17:37:00.000000000
1058,17,38,0 days 17:38:00.000000000
1059,17,39,0 days 17:39:00.000000000
1060,17,40,0 days 17:40:00.000000000
1061,17,41,0 days 17:41:00.000000000
1062,17,42,0 days 17:42:00.000000000
1063,17,43,0 days 17:43:00.000000000
1064,17,44,0 days 17:44:00.000000000
1065,17,45,0 days 17:45:00.000000000
1066,17,46,0 days 17:46:00.000000000
1067,17,47,0 days 17:47:00.000000000
1068,17,48,0 days 17:48:00.000000000
1069,17,49,0 days 17:49:00.000000000
1070,17,50,0 days 17:50:00.000000000
1071,17,51,0 days 17:51:00.000000000
1072,17,52,0 days 17:52:00.000000000
1073,17,53,0 days 17:53:00.000000000
1074,17,54,0 days 17:54:00.000000000
1075,17,55,0 days 17:55:00.000000000
1076,17,56,0 days 17:56:00.000000000
1077,17,57,0 days 17:57:00.000000000
1078,17,58,0 days 17:58:00.000000000
1079,17,59,0 days 17:59:00.000000000
1080,18,0,0 days 18:00:00.000000000
1081,18,1,0 days 18:01:00.000000000
1082,18,2,0 days 18:02:00.000000000
1083,18,3,0 days 18:03:00.000000000
1084,18,4,0 days 18:04:00.000000000
1085,18,5,0 days 18:05:00.000000000
1086,18,6,0 days 18:06:00.000000000
1087,18,7,0 days 18:07:00.000000000
1088,18,8,0 days 18:08:00.000000000
1089,18,9,0 days 18:09:00.000000000
1090,18,10,0 days 18:10:00.000000000
1091,18,11,0 days 18:11:00.000000000
1092,18,12,0 days 18:12:00.000000000
1093,18,13,0 days 18:13:00.000000000
1094,18,14,0 days 18:14:00.000000000
1095,18,15,0 days 18:15:00.000000000
1096,18,16,0 days 18:16:00.000000000
1097,18,17,0 days 18:17:00.000000000
1098,18,18,0 days 18:18:00.000000000
1099,18,19,0 days 18:19:00.000000000
1100,18,20,0 days 18:20:00.000000000
1101,18,21,0 days 18:21:00.000000000
1102,18,22,0 days 18:22:00.000000000
1103,18,23,0 days 18:23:00.000000000
1104,18,24,0 days 18:24:00.000000000
1105,18,25,0 days 18:25:00.000000000
1106,18,26,0 days 18:26:00.000000000
1107,18,27,0 days 18:27:00.000000000
1108,18,28,0 days 18:28:00.000000000
1109,18,29,0 days 18:29:00.000000000
1110,18,30,0 days 18:30:00.000000000
1111,18,31,0 days 18:31:00.000000000
1112,18,32,0 days 18:32:00.000000000
1113,18,33,0 days 18:33:00.000000000
1114,18,34,0 days 18:34:00.000000000
1115,18,35,0 days 18:35:00.000000000
1116,18,36,0 days 18:36:00.000000000
1117,18,37,0 days 18:37:00.000000000
1118,18,38,0 days 18:38:00.000000000
1119,18,39,0 days 18:39:00.000000000
1120,18,40,0 days 18:40:00.000000000
1121,18,41,0 days 18:41:00.000000000
1122,18,42,0 days 18:42:00.000000000
1123,18,43,0 days 18:43:00.000000000
1124,18,44,0 days 18:44:00.000000000
1125,18,45,0 days 18:45:00.000000000
1126,18,46,0 days 18:46:00.000000000
1127,18,47,0 days 18:47:00.000000000
1128,18,48,0 days 18:48:00.000000000
1129,18,49,0 days 18:49:00.000000000
1130,18,50,0 days 18:50:00.000000000
1131,18,51,0 days 18:51:00.000000000
1132,18,52,0 days 18:52:00.000000000
1133,18,53,0 days 18:53:00.000000000
1134,18,54,0 days 18:54:00.000000000
1135,18,55,0 days 18:55:00.000000000
1136,18,56,0 days 18:56:00.000000000
1137,18,57,0 days 18:57:00.000000000
1138,18,58,0 days 18:58:00.000000000
1139,18,59,0 days 18:59:00.000000000
1140,19,0,0 days 19:00:00.000000000
1141,19,1,0 days 19:01:00.000000000
1142,19,2,0 days 19:02:00.000000000
1143,19,3,0 days 19:03:00.000000000
1144,19,4,0 days 19:04:00.000000000
1145,19,5,0 days 19:05:00.000000000
1146,19,6,0 days 19:06:00.000000000
1147,19,7,0 days 19:07:00.000000000
1148,19,8,0 days 19:08:00.000000000
1149,19,9,0 days 19:09:00.000000000
1150,19,10,0 days 19:10:00.000000000
1151,19,11,0 days 19:11:00.000000000
1152,19,12,0 days 19:12:00.000000000
1153,19,13,0 days 19:13:00.000000000
1154,19,14,0 days 19:14:00.000000000
1155,19,15,0 days 19:15:00.000000000
1156,19,16,0 days 19:16:00.000000000
1157,19,17,0 days 19:17:00.000000000
1158,19,18,0 days 19:18:00.000000000
1159,19,19,0 days 19:19:00.000000000
1160,19,20,0 days 19:20:00.000000000
1161,19,21,0 days 19:21:00.000000000
1162,19,22,0 days 19:22:00.000000000
1163,19,23,0 days 19:23:00.000000000
1164,19,24,0 days 19:24:00.000000000
1165,19,25,0 days 19:25:00.000000000
1166,19,26,0 days 19:26:00.000000000
1167,19,27,0 days 19:27:00.000000000
1168,19,28,0 days 19:28:00.000000000
1169,19,29,0 days 19:29:00.000000000
1170,19,30,0 days 19:30:00.000000000
1171,19,31,0 days 19:31:00.000000000
1172,19,32,0 days 19:32:00.000000000
1173,19,33,0 days 19:33:00.000000000
1174,19,34,0 days 19:34:00.000000000
1175,19,35,0 days 19:35:00.000000000
1176,19,36,0 days 19:36:00.000000000
1177,19,37,0 days 19:37:00.000000000
1178,19,38,0 days 19:38:00.000000000
1179,19,39,0 days 19:39:00.000000000
1180,19,40,0 days 19:40:00.000000000
1181,19,41,0 days 19:41:00.000000000
1182,19,42,0 days 19:42:00.000000000
1183,19,43,0 days 19:43:00.000000000
1184,19,44,0 days 19:44:00.000000000
1185,19,45,0 days 19:45:00.000000000
1186,19,46,0 days 19:46:00.000000000
1187,19,47,0 days 19:47:00.000000000
1188,19,48,0 days 19:48:00.000000000
1189,19,49,0 days 19:49:00.000000000
1190,19,50,0 days 19:50:00.000000000
1191,19,51,0 days 19:51:00.000000000
1192,19,52,0 days 19:52:00.000000000
1193,19,53,0 days 19:53:00.000000000
1194,19,54,0 days 19:54:00.000000000
1195,19,55,0 days 19:55:00.000000000
1196,19,56,0 days 19:56:00.000000000
1197,19,57,0 days 19:57:00.000000000
1198,19,58,0 days 19:58:00.000000000
1199,19,59,0 days 19:59:00.000000000
1200,20,0,0 days 20:00:00.000000000
1201,20,1,0 days 20:01:00.000000000
1202,20,2,0 days 20:02:00.000000000
1203,20,3,0 days 20:03:00.000000000
1204,20,4,0 days 20:04:00.000000000
1205,20,5,0 days 20:05:00.000000000
1206,20,6,0 days 20:06:00.000000000
1207,20,7,0 days 20:07:00.000000000
1208,20,8,0 days 20:08:00.000000000
1209,20,9,0 days 20:09:00.000000000
1210,20,10,0 days 20:10:00.000000000
1211,20,11,0 days 20:11:00.000000000
1212,20,12,0 days 20:12:00.000000000
1213,20,13,0 days 20:13:00.000000000
1214,20,14,0 days 20:14:00.000000000
1215,20,15,0 days 20:15:00.000000000
1216,20,16,0 days 20:16:00.000000000
1217,20,17,0 days 20:17:00.000000000
1218,20,18,0 days 20:18:00.000000000
1219,20,19,0 days 20:19:00.000000000
1220,20,20,0 days 20:20:00.000000000
1221,20,21,0 days 20:21:00.000000000
1222,20,22,0 days 20:22:00.000000000
1223,20,23,0 days 20:23:00.000000000
1224,20,24,0 days 20:24:00.000000000
1225,20,25,0 days 20:25:00.000000000
1226,20,26,0 days 20:26:00.000000000
1227,20,27,0 days 20:27:00.000000000
1228,20,28,0 days 20:28:00.000000000
1229,20,29,0 days 20:29:00.000000000
1230,20,30,0 days 20:30:00.000000000
1231,20,31,0 days 20:31:00.000000000
1232,20,32,0 days 20:32:00.000000000
1233,20,33,0 days 20:33:00.000000000
1234,20,34,0 days 20:34:00.000000000
1235,20,35,0 days 20:35:00.000000000
1236,20,36,0 days 20:36:00.000000000
1237,20,37,0 days 20:37:00.000000000
1238,20,38,0 days 20:38:00.000000000
1239,20,39,0 days 20:39:00.000000000
1240,20,40,0 days 20:40:00.000000000
1241,20,41,0 days 20:41:00.000000000
1242,20,42,0 days 20:42:00.000000000
1243,20,43,0 days 20:43:00.000000000
1244,20,44,0 days 20:44:00.000000000
1245,20,45,0 days 20:45:00.000000000
1246,20,46,0 days 20:46:00.000000000
1247,20,47,0 days 20:47:00.000000000
1248,20,48,0 days 20:48:00.000000000
1249,20,49,0 days 20:49:00.000000000
1250,20,50,0 days 20:50:00.000000000
1251,20,51,0 days 20:51:00.000000000
1252,20,52,0 days 20:52:00.000000000
1253,20,53,0 days 20:53:00.000000000
1254,20,54,0 days 20:54:00.000000000
1255,20,55,0 days 20:55:00.000000000
1256,20,56,0 days 20:56:00.000000000
1257,20,57,0 days 20:57:00.000000000
1258,20,58,0 days 20:58:00.000000000
1259,20,59,0 days 20:59:00.000000000
1260,21,0,0 days 21:00:00.000000000
1261,21,1,0 days 21:01:00.000000000
1262,21,2,0 days 21:02:00.000000000
1263,21,3,0 days 21:03:00.000000000
1264,21,4,0 days 21:04:00.000000000
1265,21,5,0 days 21:05:00.000000000
1266,21,6,0 days 21:06:00.000000000
1267,21,7,0 days 21:07:00.000000000
1268,21,8,0 days 21:08:00.000000000
1269,21,9,0 days 21:09:00.000000000
1270,21,10,0 days 21:10:00.000000000
1271,21,11,0 days 21:11:00.000000000
1272,21,12,0 days 21:12:00.000000000
1273,21,13,0 days 21:13:00.000000000
1274,21,14,0 days 21:14:00.000000000
1275,21,15,0 days 21:15:00.000000000
1276,21,16,0 days 21:16:00.000000000
1277,21,17,0 days 21:17:00.000000000
1278,21,18,0 days 21:18:00.000000000
1279,21,19,0 days 21:19:00.000000000
1280,21,20,0 days 21:20:00.000000000
1281,21,21,0 days 21:21:00.000000000
1282,21,22,0 days 21:22:00.000000000
1283,21,23,0 days 21:23:00.000000000
1284,21,24,0 days 21:24:00.000000000
1285,21,25,0 days 21:25:00.000000000
1286,21,26,0 days 21:26:00.000000000
1287,21,27,0 days 21:27:00.000000000
1288,21,28,0 days 21:28:00.000000000
1289,21,29,0 days 21:29:00.000000000
1290,21,30,0 days 21:30:00.000000000
1291,21,31,0 days 21:31:00.000000000
1292,21,32,0 days 21:32:00.000000000
1293,21,33,0 days 21:33:00.000000000
1294,21,34,0 days 21:34:00.000000000
1295,21,35,0 days 21:35:00.000000000
1296,21,36,0 days 21:36:00.000000000
1297,21,37,0 days 21:37:00.000000000
1298,21,38,0 days 21:38:00.000000000
1299,21,39,0 days 21:39:00.000000000
1300,21,40,0 days 21:40:00.000000000
1301,21,41,0 days 21:41:00.000000000
1302,21,42,0 days 21:42:00.000000000
1303,21,43,0 days 21:43:00.000000000
1304,21,44,0 days 21:44:00.000000000
1305,21,45,0 days 21:45:00.000000000
1306,21,46,0 days 21:46:00.000000000
1307,21,47,0 days 21:47:00.000000000
1308,21,48,0 days 21:48:00.000000000
1309,21,49,0 days 21:49:00.000000000
1310,21,50,0 days 21:50:00.000000000
1311,21,51,0 days 21:51:00.000000000
1312,21,52,0 days 21:52:00.000000000
1313,21,53,0 days 21:53:00.000000000
1314,21,54,0 days 21:54:00.000000000
1315,21,55,0 days 21:55:00.000000000
1316,21,56,0 days 21:56:00.000000000
1317,21,57,0 days 21:57:00.000000000
1318,21,58,0 days 21:58:00.000000000
1319,21,59,0 days 21:59:00.000000000
1320,22,0,0 days 22:00:00.000000000
1321,22,1,0 days 22:01:00.000000000
1322,22,2,0 days 22:02:00.000000000
1323,22,3,0 days 22:03:00.000000000
1324,22,4,0 days 22:04:00.000000000
1325,22,5,0 days 22:05:00.000000000
1326,22,6,0 days 22:06:00.000000000
1327,22,7,0 days 22:07:00.000000000
1328,22,8,0 days 22:08:00.000000000
1329,22,9,0 days 22:09:00.000000000
1330,22,10,0 days 22:10:00.000000000
1331,22,11,0 days 22:11:00.000000000
1332,22,12,0 days 22:12:00.000000000
1333,22,13,0 days 22:13:00.000000000
1334,22,14,0 days 22:14:00.000000000
1335,22,15,0 days 22:15:00.000000000
1336,22,16,0 days 22:16:00.000000000
1337,22,17,0 days 22:17:00.000000000
1338,22,18,0 days 22:18:00.000000000
1339,22,19,0 days 22:19:00.000000000
1340,22,20,0 days 22:20:00.000000000
1341,22,21,0 days 22:21:00.000000000
1342,22,22,0 days 22:22:00.000000000
1343,22,23,0 days 22:23:00.000000000
1344,22,24,0 days 22:24:00.000000000
1345,22,25,0 days 22:25:00.000000000
1346,22,26,0 days 22:26:00.000000000
1347,22,27,0 days 22:27:00.000000000
1348,22,28,0 days 22:28:00.000000000
1349,22,29,0 days 22:29:00.000000000
1350,22,30,0 days 22:30:00.000000000
1351,22,31,0 days 22:31:00.000000000
1352,22,32,0 days 22:32:00.000000000
1353,22,33,0 days 22:33:00.000000000
1354,22,34,0 days 22:34:00.000000000
1355,22,35,0 days 22:35:00.000000000
1356,22,36,0 days 22:36:00.000000000
1357,22,37,0 days 22:37:00.000000000
1358,22,38,0 days 22:38:00.000000000
1359,22,39,0 days 22:39:00.000000000
1360,22,40,0 days 22:40:00.000000000
1361,22,41,0 days 22:41:00.000000000
1362,22,42,0 days 22:42:00.000000000
1363,22,43,0 days 22:43:00.000000000
1364,22,44,0 days 22:44:00.000000000
1365,22,45,0 days 22:45:00.000000000
1366,22,46,0 days 22:46:00.000000000
1367,22,47,0 days 22:47:00.000000000
1368,22,48,0 days 22:48:00.000000000
1369,22,49,0 days 22:49:00.000000000
1370,22,50,0 days 22:50:00.000000000
1371,22,51,0 days 22:51:00.000000000
1372,22,52,0 days 22:52:00.000000000
1373,22,53,0 days 22:53:00.000000000
1374,22,54,0 days 22:54:00.000000000
1375,22,55,0 days 22:55:00.000000000
1376,22,56,0 days 22:56:00.000000000
1377,22,57,0 days 22:57:00.000000000
1378,22,58,0 days 22:58:00.000000000
1379,22,59,0 days 22:59:00.000000000
1380,23,0,0 days 23:00:00.000000000
1381,23,1,0 days 23:01:00.000000000
1382,23,2,0 days 23:02:00.000000000
1383,23,3,0 days 23:03:00.000000000
1384,23,4,0 days 23:04:00.000000000
1385,23,5,0 days 23:05:00.000000000
1386,23,6,0 days 23:06:00.000000000
1387,23,7,0 days 23:07:00.000000000
1388,23,8,0 days 23:08:00.000000000
1389,23,9,0 days 23:09:00.000000000
1390,23,10,0 days 23:10:00.000000000
1391,23,11,0 days 23:11:00.000000000
1392,23,12,0 days 23:12:00.000000000
1393,23,13,0 days 23:13:00.000000000
1394,23,14,0 days 23:14:00.000000000
1395,23,15,0 days 23:15:00.000000000
1396,23,16,0 days 23:16:00.000000000
1397,23,17,0 days 23:17:00.000000000
1398,23,18,0 days 23:18:00.000000000
1399,23,19,0 days 23:19:00.000000000
1400,23,20,0 days 23:20:00.000000000
1401,23,21,0 days 23:21:00.000000000
1402,23,22,0 days 23:22:00.000000000
1403,23,23,0 days 23:23:00.000000000
1404,23,24,0 days 23:24:00.000000000
1405,23,25,0 days 23:25:00.000000000
1406,23,26,0 days 23:26:00.000000000
1407,23,27,0 days 23:27:00.000000000
1408,23,28,0 days 23:28:00.000000000
1409,23,29,0 days 23:29:00.000000000
1410,23,30,0 days 23:30:00.000000000
1411,23,31,0 days 23:31:00.000000000
1412,23,32,0 days 23:32:00.000000000
1413,23,33,0 days 23:33:00.000000000
1414,23,34,0 days 23:34:00.000000000
1415,23,35,0 days 23:35:00.000000000
1416,23,36,0 days 23:36:00.000000000
1417,23,37,0 days 23:37:00.000000000
1418,23,38,0 days 23:38:00.000000000
1419,23,39,0 days 23:39:00.000000000
1420,23,40,0 days 23:40:00.000000000
1421,23,41,0 days 23:41:00.000000000
1422,23,42,0 days 23:42:00.000000000
1423,23,43,0 days 23:43:00.000000000
1424,23,44,0 days 23:44:00.000000000
1425,23,45,0 days 23:45:00.000000000
1426,23,46,0 days 23:46:00.000000000
1427,23,47,0 days 23:47:00.000000000
1428,23,48,0 days 23:48:00.000000000
1429,23,49,0 days 23:49:00.000000000
1430,23,50,0 days 23:50:00.000000000
1431,23,51,0 days 23:51:00.000000000
1432,23,52,0 days 23:52:00.000000000
1433,23,53,0 days 23:53:00.000000000
1434,23,54,0 days 23:54:00.000000000
1435,23,55,0 days 23:55:00.000000000
1436,23,56,0 days 23:56:00.000000000
1437,23,57,0 days 23:57:00.000000000
1438,23,58,0 days 23:58:00.000000000
1439,23,59,0 days 23:59:00.000000000
